{
  "best_accuracy": 0.9401999711990356,
  "best_accuracy_elapsed_wall_clock_seconds": 157.47487137500138,
  "best_accuracy_metric_call": 1,
  "best_score": 1000.3874385665832,
  "best_score_elapsed_wall_clock_seconds": 157.47487137500138,
  "best_score_metric_call": 1,
  "fastest_target_elapsed_wall_clock_seconds": 157.47487137500138,
  "fastest_target_mean_accuracy": 0.9401999711990356,
  "fastest_target_mean_time_seconds": 2.5810543560981745,
  "fastest_target_metric_call": 1,
  "first_target_elapsed_wall_clock_seconds": 157.47487137500138,
  "first_target_mean_accuracy": 0.9401999711990356,
  "first_target_mean_time_seconds": 2.5810543560981745,
  "first_target_metric_call": 1,
  "first_target_score": 1000.3874385665832,
  "total_metric_calls_observed": 4,
  "total_wall_clock_seconds": 798.1005034590053
}