{
  "sum_radii": 2.4018801978575794,
  "circles": [
    [
      0.12506914048126075,
      0.12505140849393456,
      0.12505140749393456
    ],
    [
      0.333481004463979,
      0.13726458832377644,
      0.08358269874370691
    ],
    [
      0.4935635314565336,
      0.10321585570185121,
      0.08008077195602292
    ],
    [
      0.6661457930394682,
      0.09809420432824428,
      0.09237390929235861
    ],
    [
      0.8620847473678654,
      0.10364361590419122,
      0.10364361490419122
    ],
    [
      0.24525416900485822,
      0.2855682577522499,
      0.07532605866817088
    ],
    [
      0.3994176659132076,
      0.28688564537203143,
      0.07884306693469231
    ],
    [
      0.566537094897828,
      0.25963925146920974,
      0.09048285997803213
    ],
    [
      0.7467803716161785,
      0.26459433225375795,
      0.08981289075810572
    ],
    [
      0.9181541086668108,
      0.28094838417869256,
      0.0818458903331892
    ],
    [
      0.12051591229718588,
      0.4390105630414805,
      0.12050482443932553
    ],
    [
      0.32148369999373827,
      0.42658793603525,
      0.08058190817016242
    ],
    [
      0.48529735822291026,
      0.42545969235666176,
      0.08297452085537949
    ],
    [
      0.6539857994479771,
      0.4140415841050346,
      0.08609991067993192
    ],
    [
      0.8239127663182623,
      0.42062226792304364,
      0.0839544320145362
    ],
    [
      0.2617480736213171,
      0.5595142283086689,
      0.06514984621323847
    ],
    [
      0.4042104574211527,
      0.5709239521129503,
      0.07766121295587819
    ],
    [
      0.575459264328657,
      0.578084871842803,
      0.09373724864346375
    ],
    [
      0.7497757872296581,
      0.5845112532440859,
      0.08064639799967502
    ],
    [
      0.9146486630387235,
      0.5643796920931691,
      0.0853513359612765
    ],
    [
      0.12006907379101273,
      0.6795840452957447,
      0.12006907279101273
    ],
    [
      0.31331848382239796,
      0.6919527002029101,
      0.07357575182790396
    ],
    [
      0.4865192806131288,
      0.7859605218031112,
      0.1227718052646061
    ],
    [
      0.6702759638899182,
      0.7166977564035782,
      0.07360499916931121
    ],
    [
      0.8662383599916932,
      0.7850582712267955,
      0.13376163900830682
    ],
    [
      0.261938628626243,
      0.8796078761988333,
      0.1203921228011667
    ]
  ]
}