{
  "best_accuracy": 0.9417999982833862,
  "best_accuracy_elapsed_wall_clock_seconds": 156.43088687500858,
  "best_accuracy_metric_call": 1,
  "best_score": 1000.3896357772458,
  "best_score_elapsed_wall_clock_seconds": 156.43088687500858,
  "best_score_metric_call": 1,
  "fastest_target_elapsed_wall_clock_seconds": 156.43088687500858,
  "fastest_target_mean_accuracy": 0.9417999982833862,
  "fastest_target_mean_time_seconds": 2.56649942946434,
  "fastest_target_metric_call": 1,
  "first_target_elapsed_wall_clock_seconds": 156.43088687500858,
  "first_target_mean_accuracy": 0.9417999982833862,
  "first_target_mean_time_seconds": 2.56649942946434,
  "first_target_metric_call": 1,
  "first_target_score": 1000.3896357772458,
  "total_metric_calls_observed": 2,
  "total_wall_clock_seconds": 233.6416683330026
}