{
  "accuracy_margin": 0.0017999982833862838,
  "failure_type": null,
  "mean_accuracy": 0.9417999982833862,
  "mean_time_seconds": 2.56649942946434,
  "meets_target": true,
  "message": "mean_accuracy=0.9418 mean_time_seconds=2.5665 meets_target=True",
  "payload": {
    "_modal": {
      "app_name": "airbench-gepa",
      "data_dir": "/vol/cifar10",
      "gpu": "A100-40GB",
      "runtime_seconds": 145.0121967792511
    },
    "compiled": true,
    "device_name": "NVIDIA A100-SXM4-40GB",
    "mean_accuracy": 0.9417999982833862,
    "mean_time_seconds": 2.56649942946434,
    "meets_target": true,
    "per_trial": [
      {
        "time_seconds": 2.56649942946434,
        "tta_val_accuracy": 0.9417999982833862
      }
    ],
    "std_accuracy": 0.0,
    "std_time_seconds": 0.0,
    "target_accuracy": 0.94,
    "torch_version": "2.4.1+cu124",
    "trials": 1,
    "warmup_trials": 1
  },
  "remote_runtime_seconds": 145.0121967792511,
  "runtime_seconds": 156.42624282836914,
  "score": 1000.3896357772458,
  "scores": {
    "accuracy_margin": 0.0017999982833862838,
    "inverse_time": 0.38963577724570636,
    "meets_target": 1.0
  },
  "stderr_tail": "%\n  triton_convolution_41 0.2703 ms 36.4%\n  triton_convolution_43 0.6420 ms 15.3%\nSingleProcess AUTOTUNE benchmarking takes 0.9766 seconds and 0.0016 seconds precompiling\nAUTOTUNE mm(10x2000, 2000x256)\n  triton_mm_72 0.0154 ms 100.0%\n  triton_mm_68 0.0164 ms 93.7%\n  mm 0.0184 ms 83.3%\n  triton_mm_76 0.0184 ms 83.3%\n  triton_mm_66 0.0205 ms 75.0%\n  triton_mm_67 0.0205 ms 75.0%\n  triton_mm_80 0.0205 ms 75.0%\n  triton_mm_71 0.0215 ms 71.4%\n  triton_mm_78 0.0236 ms 65.2%\n  triton_mm_65 0.0256 ms 60.0%\nSingleProcess AUTOTUNE benchmarking takes 1.9872 seconds and 0.0030 seconds precompiling\nAUTOTUNE mm(2000x10, 10x256)\n  triton_mm_82 0.0092 ms 100.0%\n  triton_mm_83 0.0092 ms 100.0%\n  mm 0.0102 ms 90.0%\n  triton_mm_81 0.0102 ms 90.0%\n  triton_mm_84 0.0102 ms 90.0%\n  triton_mm_85 0.0102 ms 90.0%\n  triton_mm_86 0.0102 ms 90.0%\n  triton_mm_87 0.0102 ms 90.0%\n  triton_mm_88 0.0102 ms 90.0%\n  triton_mm_89 0.0102 ms 90.0%\nSingleProcess AUTOTUNE benchmarking takes 1.8671 seconds and 0.0028 seconds precompiling\n/tmp/airbench_candidate_osxyfpee/candidate.py:111: FutureWarning: You are using `torch.load` with `weights_only=False` (the current default value), which uses the default pickle module implicitly. It is possible to construct malicious pickle data which will execute arbitrary code during unpickling (See https://github.com/pytorch/pytorch/blob/main/SECURITY.md#untrusted-models for more details). In a future release, the default value for `weights_only` will be flipped to `True`. This limits the functions that could be executed during unpickling. Arbitrary objects will no longer be allowed to be loaded via this mode unless they are explicitly allowlisted by the user via `torch.serialization.add_safe_globals`. We recommend you start setting `weights_only=True` for any use case where you don't have full control of the loaded file. Please open an issue on GitHub for any issues related to this experimental feature.\n  data = torch.load(data_path, map_location=torch.device(\"cuda\"))\n",
  "stdout_tail": "[config] data_dir=/vol/cifar10 trials=1 warmup_trials=1 target_accuracy=0.9400\n[warmup 1/1] time_seconds=131.9867\n[trial 1/1] tta_val_accuracy=0.9418 time_seconds=2.5665\n{\"mean_accuracy\": 0.9417999982833862, \"std_accuracy\": 0.0, \"mean_time_seconds\": 2.56649942946434, \"std_time_seconds\": 0.0, \"meets_target\": true, \"target_accuracy\": 0.94, \"trials\": 1, \"warmup_trials\": 1, \"per_trial\": [{\"tta_val_accuracy\": 0.9417999982833862, \"time_seconds\": 2.56649942946434}], \"torch_version\": \"2.4.1+cu124\", \"device_name\": \"NVIDIA A100-SXM4-40GB\", \"compiled\": true}\n",
  "target_accuracy": 0.94,
  "trials": 1,
  "valid": true
}