{
  "best_accuracy": 0.9417999982833862,
  "best_accuracy_elapsed_wall_clock_seconds": 156.43088687500858,
  "best_accuracy_metric_call": 1,
  "best_aggregate_score": 1000.3890499114598,
  "best_idx": 0,
  "best_score": 1000.3896357772458,
  "best_score_elapsed_wall_clock_seconds": 156.43088687500858,
  "best_score_metric_call": 1,
  "best_verified_mean_accuracy": 0.94023331006368,
  "best_verified_mean_time_seconds": 2.567713351964951,
  "best_verified_score": 1000.3894515714671,
  "best_verified_valid": true,
  "fastest_target_elapsed_wall_clock_seconds": 156.43088687500858,
  "fastest_target_mean_accuracy": 0.9417999982833862,
  "fastest_target_mean_time_seconds": 2.56649942946434,
  "fastest_target_metric_call": 1,
  "first_target_elapsed_wall_clock_seconds": 156.43088687500858,
  "first_target_mean_accuracy": 0.9417999982833862,
  "first_target_mean_time_seconds": 2.56649942946434,
  "first_target_metric_call": 1,
  "first_target_score": 1000.3896357772458,
  "num_candidates": 1,
  "num_full_val_evals": 1,
  "reflection_model": "openai/gpt-5.4",
  "run_dir": "data/airbench/gepa_runs/20260306_114954",
  "total_metric_calls": 5,
  "total_metric_calls_observed": 2,
  "total_wall_clock_seconds": 233.6416683330026
}