{"centers": [[0.08492626244878788, 0.08492626244877659], [0.2739528396128686, 0.10518256026950855], [0.482595582197708, 0.10346723335523758], [0.6820800429192018, 0.09615133404766878], [0.8888438205837315, 0.11115617941625304], [0.13325857274428313, 0.29769047487678224], [0.38166584444903406, 0.2973903962795282], [0.596042701886185, 0.27309428568633615], [0.7629588636381296, 0.24064759845054529], [0.9074079050422482, 0.3140569780313414], [0.07886037290754748, 0.5027155537313779], [0.2753426167125806, 0.5044682392321672], [0.5299634196966819, 0.5013319244432983], [0.7420494434308643, 0.40478026709987736], [0.7424170495645999, 0.5966412164107866], [0.9060726627268872, 0.5005716308810895], [0.13022110110799953, 0.7053905111836031], [0.3869235533139183, 0.7052539408902321], [0.5976347963929889, 0.7283701484521262], [0.7636735694033526, 0.7602894720823999], [0.907608448432718, 0.6868841900413314], [0.08463950069562913, 0.9153604993043581], [0.27478328333192537, 0.8932098553908335], [0.4846008026318714, 0.8969394798448407], [0.6832585349731635, 0.904267670685977], [0.8892209872130679, 0.8892209872130216]], "radii": [0.08492626244867199, 0.1051825602694197, 0.10346723335513751, 0.09615133404754195, 0.11115617941612341, 0.13325857274426794, 0.11514888014161453, 0.10060036781675699, 0.06944019371614955, 0.09259209495756847, 0.07886037290744533, 0.1176296880043366, 0.13701043008606958, 0.09601897578197018, 0.09584232569728908, 0.0939273372731029, 0.13022110110779914, 0.11207708901061389, 0.09989835063238588, 0.06918067634632061, 0.09239155156687526, 0.08463950069550666, 0.10679014460900299, 0.10306052015492899, 0.09573232931392095, 0.11077901278691507], "sum_radii": 2.635983084887735}