{
  "accuracy_margin": 0.00040000438690190876,
  "failure_type": null,
  "mean_accuracy": 0.9404000043869019,
  "mean_time_seconds": 2.5655042839050295,
  "meets_target": true,
  "message": "mean_accuracy=0.9404 mean_time_seconds=2.5655 meets_target=True",
  "payload": {
    "_modal": {
      "app_name": "airbench-gepa",
      "data_dir": "/vol/cifar10",
      "gpu": "A100-40GB",
      "runtime_seconds": 148.03228902816772
    },
    "compiled": true,
    "device_name": "NVIDIA A100-SXM4-40GB",
    "mean_accuracy": 0.9404000043869019,
    "mean_time_seconds": 2.5655042839050295,
    "meets_target": true,
    "per_trial": [
      {
        "time_seconds": 2.5655042839050295,
        "tta_val_accuracy": 0.9404000043869019
      }
    ],
    "std_accuracy": 0.0,
    "std_time_seconds": 0.0,
    "target_accuracy": 0.94,
    "torch_version": "2.4.1+cu124",
    "trials": 1,
    "warmup_trials": 1
  },
  "remote_runtime_seconds": 148.03228902816772,
  "runtime_seconds": 151.43952107429504,
  "score": 1000.3897869149055,
  "scores": {
    "accuracy_margin": 0.00040000438690190876,
    "inverse_time": 0.3897869149054277,
    "meets_target": 1.0
  },
  "stderr_tail": "lution_41 0.2708 ms 36.3%\n  triton_convolution_43 0.6420 ms 15.3%\nSingleProcess AUTOTUNE benchmarking takes 1.0083 seconds and 0.0031 seconds precompiling\nAUTOTUNE mm(10x2000, 2000x256)\n  triton_mm_68 0.0164 ms 100.0%\n  triton_mm_72 0.0164 ms 100.0%\n  mm 0.0184 ms 88.9%\n  triton_mm_76 0.0184 ms 88.9%\n  triton_mm_66 0.0195 ms 84.2%\n  triton_mm_67 0.0195 ms 84.2%\n  triton_mm_80 0.0195 ms 84.2%\n  triton_mm_71 0.0225 ms 72.7%\n  triton_mm_78 0.0246 ms 66.7%\n  triton_mm_65 0.0256 ms 64.0%\nSingleProcess AUTOTUNE benchmarking takes 1.9855 seconds and 0.0040 seconds precompiling\nAUTOTUNE mm(2000x10, 10x256)\n  triton_mm_81 0.0082 ms 100.0%\n  triton_mm_83 0.0082 ms 100.0%\n  triton_mm_85 0.0082 ms 100.0%\n  triton_mm_87 0.0082 ms 100.0%\n  triton_mm_89 0.0082 ms 100.0%\n  triton_mm_91 0.0082 ms 100.0%\n  triton_mm_93 0.0082 ms 100.0%\n  triton_mm_82 0.0092 ms 88.9%\n  triton_mm_84 0.0092 ms 88.9%\n  triton_mm_86 0.0092 ms 88.9%\nSingleProcess AUTOTUNE benchmarking takes 1.8702 seconds and 0.0036 seconds precompiling\n/tmp/airbench_candidate_ud39h712/candidate.py:111: FutureWarning: You are using `torch.load` with `weights_only=False` (the current default value), which uses the default pickle module implicitly. It is possible to construct malicious pickle data which will execute arbitrary code during unpickling (See https://github.com/pytorch/pytorch/blob/main/SECURITY.md#untrusted-models for more details). In a future release, the default value for `weights_only` will be flipped to `True`. This limits the functions that could be executed during unpickling. Arbitrary objects will no longer be allowed to be loaded via this mode unless they are explicitly allowlisted by the user via `torch.serialization.add_safe_globals`. We recommend you start setting `weights_only=True` for any use case where you don't have full control of the loaded file. Please open an issue on GitHub for any issues related to this experimental feature.\n  data = torch.load(data_path, map_location=torch.device(\"cuda\"))\n",
  "stdout_tail": "[config] data_dir=/vol/cifar10 trials=1 warmup_trials=1 target_accuracy=0.9400\n[warmup 1/1] time_seconds=134.8470\n[trial 1/1] tta_val_accuracy=0.9404 time_seconds=2.5655\n{\"mean_accuracy\": 0.9404000043869019, \"std_accuracy\": 0.0, \"mean_time_seconds\": 2.5655042839050295, \"std_time_seconds\": 0.0, \"meets_target\": true, \"target_accuracy\": 0.94, \"trials\": 1, \"warmup_trials\": 1, \"per_trial\": [{\"tta_val_accuracy\": 0.9404000043869019, \"time_seconds\": 2.5655042839050295}], \"torch_version\": \"2.4.1+cu124\", \"device_name\": \"NVIDIA A100-SXM4-40GB\", \"compiled\": true}\n",
  "target_accuracy": 0.94,
  "trials": 1,
  "valid": true
}